{
    "name": "Datadog Cloud SIEM",
    "description": "Datadog is an observability service for cloud-scale applications, providing monitoring of servers, databases, tools, and services, through a SaaS-based data analytics platform",
    "support": "xsoar",
    "currentVersion": "2.0.1",
    "author": "Cortex XSOAR",
    "url": "",
    "email": "team-cloudsiembackend@datadoghq.com",
    "categories": ["Analytics & SIEM"],
    "tags": [
        "Security",
        "Security Analytics",
        "Incident Response",
        "Threat Intelligence",
        "Alerts",
        "Compliance",
        "Network"
    ],
    "useCases": ["Incident Response", "Threat Intelligence Management"],
    "keywords": ["Cloud SIEM"],
    "marketplaces": ["xsoar", "marketplacev2"]
}
