{
    "description": "Datadog Cloud SIEM Incident Layout",
    "detailsV2": {
        "tabs": [
            {
                "hidden": false,
                "id": "tkghzdhjpd",
                "name": "Datadog Details Table",
                "sections": [
                    {
                        "displayType": "ROW",
                        "h": 2,
                        "hideName": false,
                        "i": "caseinfoid-b31778b0-e406-11ed-956e-39ec0379f460",
                        "items": [
                            {
                                "endCol": 2,
                                "fieldId": "datadogcloudsiem",
                                "height": 22,
                                "id": "c201fbc0-e406-11ed-956e-39ec0379f460",
                                "index": 0,
                                "sectionItemType": "field",
                                "startCol": 0
                            }
                        ],
                        "maxH": null,
                        "maxW": 3,
                        "minH": 1,
                        "moved": false,
                        "name": "New Section",
                        "static": false,
                        "w": 1,
                        "x": 0,
                        "y": 0
                    }
                ],
                "type": "custom"
            },
            {
                "id": "caseinfoid",
                "name": "Incident Info",
                "sections": [
                    {
                        "displayType": "ROW",
                        "h": 2,
                        "i": "caseinfoid-fce71720-98b0-11e9-97d7-ed26ef9e46c8",
                        "isVisible": true,
                        "items": [
                            {
                                "endCol": 2,
                                "fieldId": "type",
                                "height": 22,
                                "id": "incident-type-field",
                                "index": 0,
                                "sectionItemType": "field",
                                "startCol": 0
                            },
                            {
                                "endCol": 2,
                                "fieldId": "severity",
                                "height": 22,
                                "id": "incident-severity-field",
                                "index": 1,
                                "sectionItemType": "field",
                                "startCol": 0
                            },
                            {
                                "endCol": 2,
                                "fieldId": "owner",
                                "height": 22,
                                "id": "incident-owner-field",
                                "index": 2,
                                "sectionItemType": "field",
                                "startCol": 0
                            },
                            {
                                "endCol": 2,
                                "fieldId": "sourcebrand",
                                "height": 22,
                                "id": "incident-sourceBrand-field",
                                "index": 4,
                                "sectionItemType": "field",
                                "startCol": 0
                            },
                            {
                                "endCol": 2,
                                "fieldId": "sourceinstance",
                                "height": 22,
                                "id": "incident-sourceInstance-field",
                                "index": 5,
                                "sectionItemType": "field",
                                "startCol": 0
                            },
                            {
                                "endCol": 2,
                                "fieldId": "playbookid",
                                "height": 22,
                                "id": "incident-playbookId-field",
                                "index": 6,
                                "sectionItemType": "field",
                                "startCol": 0
                            }
                        ],
                        "maxH": null,
                        "maxW": 3,
                        "minH": 1,
                        "moved": false,
                        "name": "Case Details",
                        "static": false,
                        "w": 1,
                        "x": 0,
                        "y": 0
                    },
                    {
                        "h": 2,
                        "i": "caseinfoid-61263cc0-98b1-11e9-97d7-ed26ef9e46c8",
                        "maxH": null,
                        "maxW": 3,
                        "minH": 1,
                        "moved": false,
                        "name": "Notes",
                        "static": false,
                        "type": "notes",
                        "w": 1,
                        "x": 2,
                        "y": 0
                    },
                    {
                        "displayType": "ROW",
                        "h": 2,
                        "i": "caseinfoid-6aabad20-98b1-11e9-97d7-ed26ef9e46c8",
                        "maxH": null,
                        "maxW": 3,
                        "minH": 1,
                        "moved": false,
                        "name": "Work Plan",
                        "static": false,
                        "type": "workplan",
                        "w": 1,
                        "x": 1,
                        "y": 0
                    },
                    {
                        "displayType": "ROW",
                        "h": 2,
                        "i": "caseinfoid-7ce69dd0-a07f-11e9-936c-5395a1acf11e",
                        "maxH": null,
                        "maxW": 3,
                        "minH": 1,
                        "moved": false,
                        "name": "Indicators",
                        "query": "",
                        "queryType": "input",
                        "static": false,
                        "type": "indicators",
                        "w": 2,
                        "x": 0,
                        "y": 4
                    },
                    {
                        "displayType": "CARD",
                        "h": 2,
                        "i": "caseinfoid-ac32f620-a0b0-11e9-b27f-13ae1773d289",
                        "items": [
                            {
                                "endCol": 1,
                                "fieldId": "occurred",
                                "height": 22,
                                "id": "incident-occurred-field",
                                "index": 0,
                                "sectionItemType": "field",
                                "startCol": 0
                            },
                            {
                                "endCol": 1,
                                "fieldId": "dbotmodified",
                                "height": 22,
                                "id": "incident-modified-field",
                                "index": 1,
                                "sectionItemType": "field",
                                "startCol": 0
                            },
                            {
                                "endCol": 2,
                                "fieldId": "dbotduedate",
                                "height": 22,
                                "id": "incident-dueDate-field",
                                "index": 2,
                                "sectionItemType": "field",
                                "startCol": 0
                            },
                            {
                                "endCol": 2,
                                "fieldId": "dbotcreated",
                                "height": 22,
                                "id": "incident-created-field",
                                "index": 0,
                                "sectionItemType": "field",
                                "startCol": 1
                            },
                            {
                                "endCol": 2,
                                "fieldId": "dbotclosed",
                                "height": 22,
                                "id": "incident-closed-field",
                                "index": 1,
                                "sectionItemType": "field",
                                "startCol": 1
                            }
                        ],
                        "maxH": null,
                        "maxW": 3,
                        "minH": 1,
                        "moved": false,
                        "name": "Timeline Information",
                        "static": false,
                        "w": 1,
                        "x": 0,
                        "y": 2
                    },
                    {
                        "displayType": "ROW",
                        "h": 2,
                        "i": "caseinfoid-88e6bf70-a0b1-11e9-b27f-13ae1773d289",
                        "isVisible": true,
                        "items": [
                            {
                                "endCol": 2,
                                "fieldId": "dbotclosed",
                                "height": 22,
                                "id": "incident-dbotClosed-field",
                                "index": 0,
                                "sectionItemType": "field",
                                "startCol": 0
                            },
                            {
                                "endCol": 2,
                                "fieldId": "closereason",
                                "height": 22,
                                "id": "incident-closeReason-field",
                                "index": 1,
                                "sectionItemType": "field",
                                "startCol": 0
                            },
                            {
                                "endCol": 2,
                                "fieldId": "closenotes",
                                "height": 22,
                                "id": "incident-closeNotes-field",
                                "index": 2,
                                "sectionItemType": "field",
                                "startCol": 0
                            }
                        ],
                        "maxH": null,
                        "maxW": 3,
                        "minH": 1,
                        "moved": false,
                        "name": "Closing Information",
                        "static": false,
                        "w": 1,
                        "x": 0,
                        "y": 6
                    },
                    {
                        "displayType": "CARD",
                        "h": 2,
                        "i": "caseinfoid-e54b1770-a0b1-11e9-b27f-13ae1773d289",
                        "isVisible": true,
                        "items": [
                            {
                                "endCol": 2,
                                "fieldId": "details",
                                "height": 22,
                                "id": "incident-details-field",
                                "index": 0,
                                "sectionItemType": "field",
                                "startCol": 0
                            }
                        ],
                        "maxH": null,
                        "maxW": 3,
                        "minH": 1,
                        "moved": false,
                        "name": "Investigation Data",
                        "static": false,
                        "w": 1,
                        "x": 1,
                        "y": 2
                    }
                ],
                "type": "custom"
            },
            {
                "id": "warRoom",
                "name": "War Room",
                "type": "warRoom"
            },
            {
                "id": "workPlan",
                "name": "Work Plan",
                "type": "workPlan"
            },
            {
                "id": "canvas",
                "name": "Canvas",
                "type": "canvas",
                "hidden": false
            }
        ]
    },
    "group": "incident",
    "id": "Datadog Cloud SIEM Layout",
    "name": "Datadog Cloud SIEM Layout",
    "system": false,
    "version": -1,
    "fromVersion": "6.8.0"
}