{
    "id": "incident_datadogcloudsiemrepairtime",
    "version": -1,
    "modified": "2023-04-28T07:59:20.07639828+05:30",
    "name": "Datadog Cloud SIEM Repair Time",
    "ownerOnly": false,
    "cliName": "datadogcloudsiemrepairtime",
    "type": "number",
    "closeForm": false,
    "editForm": true,
    "required": false,
    "neverSetAsRequired": false,
    "isReadOnly": false,
    "useAsKpi": false,
    "locked": false,
    "system": false,
    "content": true,
    "group": 0,
    "hidden": false,
    "openEnded": false,
    "associatedToAll": true,
    "unmapped": false,
    "unsearchable": true,
    "caseInsensitive": true,
    "sla": 0,
    "threshold": 72,
    "fromVersion": "6.8.0"
}