{
    "id": "incident_datadogcloudsiemresolutiontime",
    "version": -1,
    "modified": "2023-04-28T07:59:20.095778301+05:30",
    "name": "Datadog Cloud SIEM Resolution Time",
    "ownerOnly": false,
    "description": "The amount of time in seconds to resolve the incident after it was created. Equals the difference between created and resolved. ",
    "cliName": "datadogcloudsiemresolutiontime",
    "type": "shortText",
    "closeForm": false,
    "editForm": true,
    "required": false,
    "neverSetAsRequired": false,
    "isReadOnly": false,
    "useAsKpi": false,
    "locked": false,
    "system": false,
    "content": true,
    "group": 0,
    "hidden": false,
    "openEnded": false,
    "associatedToAll": true,
    "unmapped": false,
    "unsearchable": true,
    "caseInsensitive": true,
    "sla": 0,
    "threshold": 72,
    "fromVersion": "6.8.0"
}