{
    "id": "incident_datadogcloudsiemduration",
    "version": -1,
    "modified": "2023-04-28T07:59:19.825768098+05:30",
    "name": "Datadog Cloud SIEM Duration",
    "ownerOnly": false,
    "description": "Length of the incident's customer impact in seconds. Equals the difference between customer_impact_start and customer_impact_end. ",
    "cliName": "datadogcloudsiemduration",
    "type": "shortText",
    "closeForm": false,
    "editForm": true,
    "required": false,
    "neverSetAsRequired": false,
    "isReadOnly": false,
    "useAsKpi": false,
    "locked": false,
    "system": false,
    "content": true,
    "group": 0,
    "hidden": false,
    "openEnded": false,
    "associatedToAll": true,
    "unmapped": false,
    "unsearchable": true,
    "caseInsensitive": true,
    "sla": 0,
    "threshold": 72,
    "fromVersion": "6.8.0"
}