{
    "id": "incident_datadogcloudsiemlastmodifiedby",
    "version": -1,
    "modified": "2023-04-28T07:59:19.881006239+05:30",
    "name": "Datadog Cloud SIEM Last Modified By",
    "ownerOnly": false,
    "description": "A unique identifier that represents the user. ",
    "cliName": "datadogcloudsiemlastmodifiedby",
    "type": "shortText",
    "closeForm": false,
    "editForm": true,
    "required": false,
    "neverSetAsRequired": false,
    "isReadOnly": false,
    "useAsKpi": false,
    "locked": false,
    "system": false,
    "content": true,
    "group": 0,
    "hidden": false,
    "openEnded": false,
    "associatedToAll": true,
    "unmapped": false,
    "unsearchable": true,
    "caseInsensitive": true,
    "sla": 0,
    "threshold": 72,
    "fromVersion": "6.8.0"
}