{
    "id": "incident_datadogcloudsiem",
    "version": -1,
    "modified": "2023-04-28T07:59:19.527998197+05:30",
    "name": "Datadog Cloud SIEM",
    "ownerOnly": false,
    "cliName": "datadogcloudsiem",
    "type": "grid",
    "closeForm": false,
    "editForm": true,
    "required": false,
    "neverSetAsRequired": false,
    "isReadOnly": false,
    "useAsKpi": false,
    "locked": false,
    "system": false,
    "content": true,
    "group": 0,
    "hidden": false,
    "openEnded": false,
    "associatedToAll": true,
    "unmapped": false,
    "unsearchable": true,
    "caseInsensitive": true,
    "columns": [
        {
            "key": "id",
            "displayName": "id",
            "type": "shortText",
            "orgType": "shortText",
            "required": true,
            "script": "",
            "width": 150,
            "isDefault": true,
            "fieldCalcScript": "",
            "isReadOnly": false,
            "selectValues": null
        },
        {
            "key": "title",
            "displayName": "title",
            "type": "shortText",
            "orgType": "shortText",
            "required": true,
            "script": "",
            "width": 150,
            "isDefault": true,
            "fieldCalcScript": "",
            "isReadOnly": false,
            "selectValues": null
        },
        {
            "key": "created",
            "displayName": "created",
            "type": "date",
            "orgType": "date",
            "required": false,
            "script": "",
            "width": 150,
            "isDefault": true,
            "fieldCalcScript": "",
            "isReadOnly": false,
            "selectValues": null
        },
        {
            "key": "customer_impacted",
            "displayName": "customer_impacted",
            "type": "shortText",
            "orgType": "shortText",
            "required": false,
            "script": "",
            "width": 150,
            "isDefault": true,
            "fieldCalcScript": "",
            "isReadOnly": false,
            "selectValues": null
        },
        {
            "key": "customer_impact_duration",
            "displayName": "customer_impact_duration",
            "type": "shortText",
            "orgType": "shortText",
            "required": false,
            "script": "",
            "width": 150,
            "isDefault": true,
            "fieldCalcScript": "",
            "isReadOnly": false,
            "selectValues": null
        },
        {
            "key": "customer_impact_scope",
            "displayName": "customer_impact_scope",
            "type": "shortText",
            "orgType": "shortText",
            "required": false,
            "script": "",
            "width": 150,
            "isDefault": true,
            "fieldCalcScript": "",
            "isReadOnly": false,
            "selectValues": null
        },
        {
            "key": "customer_impact_start",
            "displayName": "customer_impact_start",
            "type": "shortText",
            "orgType": "shortText",
            "required": false,
            "script": "",
            "width": 150,
            "isDefault": true,
            "fieldCalcScript": "",
            "isReadOnly": false,
            "selectValues": null
        },
        {
            "key": "customer_impact_end",
            "displayName": "customer_impact_end",
            "type": "shortText",
            "orgType": "shortText",
            "required": false,
            "script": "",
            "width": 150,
            "isDefault": true,
            "fieldCalcScript": "",
            "isReadOnly": false,
            "selectValues": null
        },
        {
            "key": "detected",
            "displayName": "detected",
            "type": "shortText",
            "orgType": "shortText",
            "required": false,
            "script": "",
            "width": 150,
            "isDefault": true,
            "fieldCalcScript": "",
            "isReadOnly": false,
            "selectValues": null
        },
        {
            "key": "resolved",
            "displayName": "resolved",
            "type": "shortText",
            "orgType": "shortText",
            "required": false,
            "script": "",
            "width": 150,
            "isDefault": true,
            "fieldCalcScript": "",
            "isReadOnly": false,
            "selectValues": null
        },
        {
            "key": "time_to_internal_response",
            "displayName": "time_to_internal_response",
            "type": "shortText",
            "orgType": "shortText",
            "required": false,
            "script": "",
            "width": 150,
            "isDefault": true,
            "fieldCalcScript": "",
            "isReadOnly": false,
            "selectValues": null
        },
        {
            "key": "time_to_detect",
            "displayName": "time_to_detect",
            "type": "shortText",
            "orgType": "shortText",
            "required": false,
            "script": "",
            "width": 150,
            "isDefault": true,
            "fieldCalcScript": "",
            "isReadOnly": false,
            "selectValues": null
        },
        {
            "key": "time_to_repair",
            "displayName": "time_to_repair",
            "type": "shortText",
            "orgType": "shortText",
            "required": false,
            "script": "",
            "width": 150,
            "isDefault": true,
            "fieldCalcScript": "",
            "isReadOnly": false,
            "selectValues": null
        },
        {
            "key": "time_to_resolve",
            "displayName": "time_to_resolve",
            "type": "shortText",
            "orgType": "shortText",
            "required": false,
            "script": "",
            "width": 150,
            "isDefault": true,
            "fieldCalcScript": "",
            "isReadOnly": false,
            "selectValues": null
        },
        {
            "key": "severity",
            "displayName": "severity",
            "type": "shortText",
            "orgType": "shortText",
            "required": false,
            "script": "",
            "width": 150,
            "isDefault": true,
            "fieldCalcScript": "",
            "isReadOnly": false,
            "selectValues": null
        },
        {
            "key": "state",
            "displayName": "state",
            "type": "shortText",
            "orgType": "shortText",
            "required": false,
            "script": "",
            "width": 150,
            "isDefault": true,
            "fieldCalcScript": "",
            "isReadOnly": false,
            "selectValues": null
        },
        {
            "key": "detection_method",
            "displayName": "detection_method",
            "type": "shortText",
            "orgType": "shortText",
            "required": false,
            "script": "",
            "width": 150,
            "isDefault": true,
            "fieldCalcScript": "",
            "isReadOnly": false,
            "selectValues": null
        },
        {
            "key": "root_cause",
            "displayName": "root_cause",
            "type": "shortText",
            "orgType": "shortText",
            "required": false,
            "script": "",
            "width": 150,
            "isDefault": true,
            "fieldCalcScript": "",
            "isReadOnly": false,
            "selectValues": null
        },
        {
            "key": "summary",
            "displayName": "summary",
            "type": "shortText",
            "orgType": "shortText",
            "required": false,
            "script": "",
            "width": 150,
            "isDefault": true,
            "fieldCalcScript": "",
            "isReadOnly": false,
            "selectValues": null
        },
        {
            "key": "notification_display_name",
            "displayName": "notification_display_name",
            "type": "shortText",
            "orgType": "shortText",
            "required": false,
            "script": "",
            "width": 150,
            "isDefault": true,
            "fieldCalcScript": "",
            "isReadOnly": false,
            "selectValues": null
        },
        {
            "key": "notification_handle",
            "displayName": "notification_handle",
            "type": "shortText",
            "orgType": "shortText",
            "required": false,
            "script": "",
            "width": 150,
            "isDefault": true,
            "fieldCalcScript": "",
            "isReadOnly": false,
            "selectValues": null
        }
    ],
    "defaultRows": [
        {},
        {},
        {}
    ],
    "sla": 0,
    "threshold": 72,
    "fromVersion": "6.8.0"
}